url,text
https://app.musicleague.com/l/fe4049a5bec34a9892e2fd5135a35ad3/1ddef57416b3459f99daafbc3d7bab2b/,"OPEN
SPEEDY
all bangers all the time ✨
a speedy set full of fun catergories so we can all share our favorite bangers ◡̈

Admin






+13
12
ROUNDS
  1
SONG/ROUND
  20 / 21
PLAYERS
Rounds
Standings
Chat
ROUND 10
happy birthday to youuuu
songs from the year you were born !! (maybe even the same month if you wanna deep dive that far)
Hide comments
My song(s)
My Own Worst Enemy
Lit
A Place In The Sun
from Spotify
34
13 voters
1st
N2N0
This was released exacrly on the day I was born
Marina
6
ThenerB
Bonus points for your specificity!
5
rena :)
5
JustRimmey
3
Sjr
3
JacAttac
2
Matthew J. Hobbs
2
HippyHippyShake
2
Tatami
2
JJdaPanda
1
Heavy Metal Zebra
1
Terry L.
1
Duncan Moreland
1
Never Gonna Give You Up
Rick Astley
Whenever You Need Somebody
from Spotify
30
12 voters
2nd
Sjr
1987
Mooly
5
rena :)
4
Heavy Metal Zebra
3
N2N0
3
Matthew J. Hobbs
3
Terry L.
3
JJdaPanda
2
ThenerB
2
JacAttac
2
Tatami
1
Duncan Moreland
1
JustRimmey
1
Everybody Wants To Rule The World
Tears For Fears
Songs From The Big Chair (Super Deluxe Edition)
from Spotify
29
13 voters
3rd
HippyHippyShake
Born is 1985 and this song is STILL a favorite of mine.
Mooly
5
N2N0
3
Terry L.
3
Sjr
2
Heavy Metal Zebra
2
JJdaPanda
2
rena :)
2
JustRimmey
2
JacAttac
2
Tatami
2
ThenerB
2
Marina
1
Duncan Moreland
1
Kiss
Prince
Parade - Music from the Motion Picture Under the Cherry Moon
from Spotify
27
13 voters
4th
ThenerB
😘
HippyHippyShake
4
Mooly
4
Sjr
2
N2N0
2
rena :)
2
JustRimmey
2
Heavy Metal Zebra
2
JJdaPanda
2
Tatami
2
Duncan Moreland
2
Matthew J. Hobbs
1
JacAttac
1
Terry L.
1
Welcome To The Jungle
Guns N' Roses
Appetite For Destruction
from Spotify
26
12 voters
5th
Mooly
You know where you are? You're in the jungle, baby!

Hell yeah, bruther
rena :)
5
Heavy Metal Zebra
3
Duncan Moreland
3
Terry L.
3
JJdaPanda
2
N2N0
2
JacAttac
2
Matthew J. Hobbs
2
Tatami
1
Sjr
1
JustRimmey
1
Marina
1
Without Me
Eminem
The Eminem Show
from Spotify
25
14 voters
6th
rena :)
2002 ⭐️
HippyHippyShake
4
Heavy Metal Zebra
3
Tatami
2
Duncan Moreland
2
Marina
2
JustRimmey
2
Mooly
2
Terry L.
2
JJdaPanda
1
N2N0
1
JacAttac
1
Matthew J. Hobbs
1
Sjr
1
ThenerB
1
Pepper
Butthole Surfers
Electriclarryland
from Spotify
24
9 voters
7th
Marina
1996
Mooly
5
JustRimmey
4
Duncan Moreland
My dad went to school with these guys
3
ThenerB
3
Matthew J. Hobbs
3
Tatami
2
Sjr
2
JJdaPanda
1
JacAttac
1
Kung Fu Fighting
Carl Douglas
Kung Fu Fighter
from Spotify
22
13 voters
8th
Matthew J. Hobbs
Marina
3
N2N0
3
JJdaPanda
3
JustRimmey
2
JacAttac
2
Terry L.
2
Heavy Metal Zebra
1
Tatami
1
Duncan Moreland
1
ThenerB
1
rena :)
1
Mooly
1
Sjr
1
When Doves Cry
Prince
Purple Rain
from Spotify
22
12 voters
9th
JustRimmey
April, 1984
HippyHippyShake
4
Tatami
2
Sjr
2
Duncan Moreland
2
JacAttac
2
Matthew J. Hobbs
2
Terry L.
2
Marina
2
JJdaPanda
1
Heavy Metal Zebra
1
N2N0
1
ThenerB
1
Torn
Natalie Imbruglia
Left Of The Middle
from Spotify
20
12 voters
10th
JacAttac
97
ThenerB
3
HippyHippyShake
2
Tatami
2
Sjr
2
JustRimmey
2
Matthew J. Hobbs
2
Terry L.
2
JJdaPanda
1
Heavy Metal Zebra
1
N2N0
1
rena :)
1
Marina
1
Dirty Diana
Michael Jackson
Number Ones
from Spotify
15
8 voters
11th
Tatami
JJdaPanda
2
Heavy Metal Zebra
2
HippyHippyShake
2
Duncan Moreland
Michael Jackson the experience dancing game
2
rena :)
2
JacAttac
2
Terry L.
2
Sjr
1
Where Is The Love?
Black Eyed Peas
Elephunk
from Spotify
13
8 voters
12th
JJdaPanda
2003
Matthew J. Hobbs
3
N2N0
2
rena :)
2
JacAttac
2
Heavy Metal Zebra
1
Tatami
1
Sjr
1
Duncan Moreland
1
Born to Run
Bruce Springsteen
Born To Run
from Spotify
12
8 voters
13th
Terry L.
1975
N2N0
3
Matthew J. Hobbs
3
JJdaPanda
1
Heavy Metal Zebra
1
Tatami
1
Sjr
1
JacAttac
1
Marina
1
505
Arctic Monkeys
Favourite Worst Nightmare (Standard Version)
from Spotify
10
7 voters
14th
Duncan Moreland
N2N0
2
JacAttac
2
Marina
2
JJdaPanda
1
Tatami
1
Sjr
1
ThenerB
1
Lambada - Original Version 1989
Kaoma
Lambada - Les originaux No. 1 de l'été (Original 1989)
from Spotify
8
6 voters
15th
Heavy Metal Zebra
Duncan Moreland
2
Marina
2
JJdaPanda
1
Tatami
1
Sjr
1
ThenerB
1
So Fresh, So Clean
Outkast
Stankonia
from Spotify
24 0
11 voters
16th
EJ Gunter
Did not vote
HippyHippyShake
6
JustRimmey
3
Marina
3
Tatami
2
Duncan Moreland
2
ThenerB
2
Mooly
2
JJdaPanda
1
Heavy Metal Zebra
1
Sjr
1
JacAttac
1
We Built This City
Starship
Knee Deep In The Hoopla
from Spotify
19 0
11 voters
17th
Kate Booth
Did not vote
#1 the day I was born 😃
Terry L.
3
JJdaPanda
2
Heavy Metal Zebra
2
Sjr
2
ThenerB
2
JustRimmey
2
Matthew J. Hobbs
2
Tatami
1
N2N0
1
Duncan Moreland
1
JacAttac
1"
https://app.musicleague.com/l/fe4049a5bec34a9892e2fd5135a35ad3/33e1aa10943b48f29efad83a0fd600ae/,"OPEN
SPEEDY
all bangers all the time ✨
a speedy set full of fun catergories so we can all share our favorite bangers ◡̈

Admin






+13
12
ROUNDS
  1
SONG/ROUND
  20 / 21
PLAYERS
Rounds
Standings
Chat
ROUND 9
gone solo
favorite song from an artist who started in a band but have since had a solo career
Hide comments
My song(s)
Edge of Seventeen
Stevie Nicks
Crystal Visions...The Very Best of Stevie Nicks
from Spotify
48
16 voters
1st
Dina B
Marina
6
Mooly
5
HippyHippyShake
5
EJ Gunter
Valid choice🤞🏾
5
Matthew J. Hobbs
5
N2N0
4
Kate Booth
3
Terry L.
3
rena :)
3
Heavy Metal Zebra
2
Tatami
2
JJdaPanda
1
Sjr
1
Duncan Moreland
1
ThenerB
Well played 
1
JustRimmey
1
Crazy Train
Ozzy Osbourne
Blizzard Of Ozz (40th Anniversary Expanded Edition)
from Spotify
35
15 voters
2nd
Matthew J. Hobbs
rena :)
6
Duncan Moreland
4
Heavy Metal Zebra
4
Dina B
3
Terry L.
3
Sjr
2
Tatami
2
EJ Gunter
2
Marina
2
Mooly
2
JJdaPanda
1
Kate Booth
1
JustRimmey
1
ThenerB
1
N2N0
1
Doo Wop (That Thing)
Ms. Lauryn Hill
The Miseducation of Lauryn Hill
from Spotify
35
15 voters
3rd
Kate Booth
HippyHippyShake
5
Matthew J. Hobbs
4
EJ Gunter
4
JustRimmey
3
Sjr
3
ThenerB
Omg The Fugees, didn’t even think about it! Great pick 
3
Terry L.
2
Tatami
2
Dina B
2
Marina
2
JJdaPanda
1
Heavy Metal Zebra
1
rena :)
1
N2N0
1
Duncan Moreland
1
In The Air Tonight - 2015 Remastered
Phil Collins
Face Value (Deluxe Editon)
from Spotify
33
14 voters
4th
JustRimmey
Started in Genesis
Heavy Metal Zebra
5
Mooly
5
Matthew J. Hobbs
4
Terry L.
3
N2N0
3
EJ Gunter
3
Tatami
2
Kate Booth
2
JJdaPanda
1
rena :)
1
ThenerB
1
Duncan Moreland
1
Dina B
1
Sjr
1
Them Changes
Thundercat
Drunk
from Spotify
28
12 voters
5th
Tatami
Marina
5
Kate Booth
4
HippyHippyShake
3
Duncan Moreland
3
EJ Gunter
3
Dina B
2
JustRimmey
2
Mooly
2
JJdaPanda
1
Heavy Metal Zebra
1
Sjr
1
ThenerB
Cool!
1
Sledgehammer - 2012 Remaster
Peter Gabriel
So (25th Anniversary Deluxe Edition)
from Spotify
28
12 voters
6th
N2N0
Mooly
5
Kate Booth
3
Heavy Metal Zebra
3
JustRimmey
God those horns are glorious!!
3
Terry L.
3
Tatami
2
Sjr
2
Duncan Moreland
2
Matthew J. Hobbs
2
JJdaPanda
1
Dina B
1
ThenerB
1
Beat It
Michael Jackson
Thriller
from Spotify
27
12 voters
7th
Sjr
Heavy Metal Zebra
4
Duncan Moreland
4
HippyHippyShake
3
Matthew J. Hobbs
3
Terry L.
3
Tatami
2
Mooly
2
EJ Gunter
2
JJdaPanda
1
Dina B
1
ThenerB
Didn’t even think of MJ, well played 
1
Marina
1
SexyBack (feat. Timbaland)
Justin Timberlake
FutureSex/LoveSounds
from Spotify
24
13 voters
8th
Duncan Moreland
rena :)
4
Tatami
4
EJ Gunter
3
Marina
2
N2N0
2
JustRimmey
2
Kate Booth
1
JJdaPanda
1
Heavy Metal Zebra
1
Terry L.
1
Sjr
1
ThenerB
1
Dina B
1
The Heart Of The Matter
Don Henley
The End Of The Innocence
from Spotify
23
11 voters
9th
Terry L.
From the band The Eagles
N2N0
4
Matthew J. Hobbs
4
Dina B
3
Heavy Metal Zebra
2
Sjr
2
rena :)
2
JustRimmey
2
JJdaPanda
1
Tatami
1
Duncan Moreland
1
ThenerB
1
APT.
ROSÉ
rosie
from Spotify
21
9 voters
10th
ThenerB
HippyHippyShake
5
JJdaPanda
4
Mooly
3
Tatami
2
JustRimmey
2
Marina
2
Sjr
1
Dina B
1
Matthew J. Hobbs
1
Twist Of Cain
Danzig
Danzig
from Spotify
17
8 voters
11th
Mooly
Previously of the Misfits
Kate Booth
5
JustRimmey
4
Duncan Moreland
3
JJdaPanda
1
Heavy Metal Zebra
1
Sjr
1
Dina B
1
ThenerB
1
Beautiful Dangerous (feat. Fergie)
Slash
Slash (Special Edition)
from Spotify
16
10 voters
12th
Heavy Metal Zebra
Duncan Moreland
3
Terry L.
3
Dina B
2
rena :)
2
JJdaPanda
1
Sjr
1
N2N0
1
ThenerB
Point for the twofer
1
JustRimmey
1
Marina
1
Slow Hands
Niall Horan
Flicker (Deluxe)
from Spotify
16
8 voters
13th
rena :)
HippyHippyShake
3
Sjr
3
N2N0
3
Kate Booth
2
JJdaPanda
2
Tatami
1
Dina B
1
ThenerB
1
like JENNIE
JENNIE
Ruby
from Spotify
13
6 voters
14th
HippyHippyShake
Try not to dance challenge lvl Impossible
JJdaPanda
3
Marina
3
Tatami
2
ThenerB
Great minds think alike - BLACKPINK in your area!
2
JustRimmey
2
Dina B
1
Duncan Moreland
Fr?
PILLOWTALK
ZAYN
Mind Of Mine (Deluxe Edition)
from Spotify
11
7 voters
15th
EJ Gunter
rena :)
3
Kate Booth
2
N2N0
2
JJdaPanda
1
Sjr
1
Dina B
1
ThenerB
1
mirror
Moon Byul
Dark Side of the Moon
from Spotify
7
6 voters
16th
Marina
Moon Byul is a former member of K-pop group MAMAMOO
ThenerB
Love MAMAMOO and more kpop on here!
2
JJdaPanda
1
Tatami
1
Sjr
1
Dina B
1
JustRimmey
1
Born With a Broken Heart
Damiano David
FUNNY little FEARS
from Spotify
6
5 voters
17th
JJdaPanda
Sjr
2
Kate Booth
1
Tatami
1
Dina B
1
ThenerB
Nice!
1
Adore You
Harry Styles
Fine Line
from Spotify
20 0
10 voters
18th
JacAttac
Did not vote
ThenerB
Harry was my first pick, beat me to it 💛
4
N2N0
3
Terry L.
3
JJdaPanda
2
rena :)
2
EJ Gunter
2
Sjr
1
Duncan Moreland
1
Dina B
1
Matthew J. Hobbs
1"
https://app.musicleague.com/l/fe4049a5bec34a9892e2fd5135a35ad3/5bd2afdcac554efeb2351d1012e3b9ee/,"OPEN
SPEEDY
all bangers all the time ✨
a speedy set full of fun catergories so we can all share our favorite bangers ◡̈

Admin






+13
12
ROUNDS
  1
SONG/ROUND
  20 / 21
PLAYERS
Rounds
Standings
Chat
ROUND 8
title containing punctuation
EX : when did you get hot ? sabrina carpenter
anything from ? to , count
Hide comments
My song(s)
Where Is My Mind?
Pixies
Death to the Pixies
from Spotify
41
12 voters
1st
Kate Booth
Mooly
7
Heavy Metal Zebra
5
Matthew J. Hobbs
5
HippyHippyShake
4
Marina
4
N2N0
3
Duncan Moreland
3
ThenerB
Forgot about this song 👍👍
3
JustRimmey
3
Sjr
2
JJdaPanda
1
JacAttac
1
bad idea right?
Olivia Rodrigo
GUTS
from Spotify
37
12 voters
2nd
JJdaPanda
HippyHippyShake
6
Duncan Moreland
4
JacAttac
4
Terry L.
4
Marina
4
Heavy Metal Zebra
3
N2N0
3
Kate Booth
2
ThenerB
Felt lol
2
JustRimmey
2
Matthew J. Hobbs
2
Sjr
1
Hey Ya!
Outkast
Speakerboxxx/The Love Below
from Spotify
36
13 voters
3rd
Duncan Moreland
HippyHippyShake
6
Heavy Metal Zebra
5
Kate Booth
4
JacAttac
4
Matthew J. Hobbs
4
N2N0
3
Terry L.
2
ThenerB
2
JustRimmey
2
JJdaPanda
1
Mooly
1
Marina
1
Sjr
1
Da Ya Think I'm Sexy?
Rod Stewart
Blondes Have More Fun
from Spotify
29
12 voters
4th
Terry L.
Mooly
8
Kate Booth
4
Heavy Metal Zebra
3
ThenerB
Nice throwback 
3
Sjr
2
JustRimmey
2
Matthew J. Hobbs
2
JJdaPanda
1
N2N0
1
Duncan Moreland
1
JacAttac
1
Marina
1
Ain't It Fun
Paramore
Paramore (Deluxe Edition)
from Spotify
26
11 voters
5th
HippyHippyShake
Forever a Hayley Williams fan
JustRimmey
4
Terry L.
4
Kate Booth
3
Heavy Metal Zebra
3
N2N0
3
Duncan Moreland
3
Sjr
2
JJdaPanda
1
ThenerB
I can’t not give a vote for this song 
1
Matthew J. Hobbs
1
Marina
1
HOT TO GO!
Chappell Roan
The Rise and Fall of a Midwest Princess
from Spotify
25
10 voters
6th
Mooly
Marina
6
Terry L.
4
JacAttac
3
Matthew J. Hobbs
3
N2N0
2
Duncan Moreland
2
JustRimmey
2
JJdaPanda
1
Sjr
1
ThenerB
1
Why'd You Only Call Me When You're High?
Arctic Monkeys
AM
from Spotify
23
10 voters
7th
N2N0
JacAttac
4
Mooly
4
Duncan Moreland
3
Marina
3
Sjr
2
ThenerB
Classic
2
JustRimmey
2
JJdaPanda
1
Matthew J. Hobbs
1
Terry L.
1
WHERE IS MY HUSBAND!
RAYE
WHERE IS MY HUSBAND!
from Spotify
23
9 voters
8th
JacAttac
JJdaPanda
5
Duncan Moreland
4
Terry L.
3
Marina
3
Heavy Metal Zebra
2
Sjr
2
N2N0
2
ThenerB
1
Matthew J. Hobbs
1
(What's So Funny 'Bout) Peace, Love And Understanding
Elvis Costello & The Attractions
Armed Forces (Super Deluxe Edition)
from Spotify
21
11 voters
9th
Matthew J. Hobbs
Parentheses-Apostrophe-Commas
 Take your pick
Kate Booth
4
Sjr
3
Heavy Metal Zebra
2
HippyHippyShake
2
JustRimmey
2
Mooly
2
Terry L.
2
JJdaPanda
1
N2N0
1
ThenerB
1
JacAttac
1
SPOT!
ZICO
SPOT!
from Spotify
18
11 voters
10th
ThenerB
JJdaPanda
4
N2N0
3
Duncan Moreland
2
Mooly
2
Kate Booth
1
Sjr
1
JustRimmey
1
JacAttac
1
Matthew J. Hobbs
1
Terry L.
1
Marina
1
Injustice System!
Sick Of It All
Nonstop
from Spotify
17
10 voters
11th
Heavy Metal Zebra
HippyHippyShake
4
Kate Booth
3
Sjr
2
JustRimmey
2
JJdaPanda
1
N2N0
1
Duncan Moreland
1
ThenerB
1
JacAttac
1
Matthew J. Hobbs
1
Bang!
AJR
OK ORCHESTRA
from Spotify
16
8 voters
12th
Sjr
JJdaPanda
5
ThenerB
Love this song, underrated 
3
JacAttac
2
Terry L.
2
Kate Booth
1
HippyHippyShake
1
N2N0
1
Matthew J. Hobbs
1
icarus?
serin oh
icarus?
from Spotify
15
11 voters
13th
Marina
Kate Booth
2
Sjr
2
ThenerB
Never heard it but like it
*also reminds me of Super Cool from the 2nd Lego movie and I can’t I hear it 
2
JustRimmey
2
JJdaPanda
1
Heavy Metal Zebra
1
N2N0
1
Duncan Moreland
1
JacAttac
1
Matthew J. Hobbs
1
Terry L.
1
Oxford Comma
Vampire Weekend
Vampire Weekend
from Spotify
9
6 voters
14th
JustRimmey
The name being a style of a comma has to work right?
Sjr
3
ThenerB
Normally I would not count this but appreciate the creativity and give a f*ck about an Oxford comma (and I love this song so much lol) 
2
JJdaPanda
1
HippyHippyShake
1
JacAttac
1
Matthew J. Hobbs
1"
https://app.musicleague.com/l/fe4049a5bec34a9892e2fd5135a35ad3/9f17eca5e0634b01972f4ae343ed6b85/,"OPEN
SPEEDY
all bangers all the time ✨
a speedy set full of fun catergories so we can all share our favorite bangers ◡̈

Admin






+13
12
ROUNDS
  1
SONG/ROUND
  20 / 21
PLAYERS
Rounds
Standings
Chat
ROUND 7
MOVIE CHECCKKKKK
song from your favorite movie / favorite movie soundtrack
Hide comments
My song(s)
I'll Make a Man Out of You
Donny Osmond
Mulan (Original Soundtrack)
from Spotify
50
14 voters
1st
Tatami
Mooly
6
HippyHippyShake
6
Heavy Metal Zebra
5
ThenerB
Pops in my head at least once a month, and sung as dramatically as ever every time 
5
N2N0
5
JJdaPanda
4
EJ Gunter
4
rena :)
YESSSS MY 2nd FAV DISNEY MOVIEEEE !! mulan needs more recognition !!!!!!
4
Terry L.
3
Duncan Moreland
3
Marina
2
Sjr
1
Dina B
1
JustRimmey
1
Decode - Twilight Soundtrack Version
Paramore
Brand New Eyes
from Spotify
36
12 voters
2nd
Dina B
Marina
9
rena :)
7
Duncan Moreland
5
Terry L.
3
EJ Gunter
3
ThenerB
2
JustRimmey
2
JJdaPanda
1
Tatami
1
Sjr
1
N2N0
1
Matthew J. Hobbs
1
You're The Best
Joe ""Bean"" Esposito
The Karate Kid: The Original Motion Picture Soundtrack
from Spotify
32
12 voters
3rd
Terry L.
Heavy Metal Zebra
5
JustRimmey
5
Mooly
5
Matthew J. Hobbs
4
rena :)
3
Dina B
2
ThenerB
2
Marina
2
JJdaPanda
1
Tatami
1
Sjr
1
Duncan Moreland
1
Somebody Kill Me
Adam Sandler
The Wedding Singer (Music From The Motion Picture)
from Spotify
30
13 voters
4th
Matthew J. Hobbs
So it’s not my favorite. 
But it’s a gem of a song. 
HippyHippyShake
6
Mooly
5
JustRimmey
3
Terry L.
3
Dina B
3
Tatami
2
Sjr
2
JJdaPanda
1
Heavy Metal Zebra
1
rena :)
1
Duncan Moreland
1
EJ Gunter
1
ThenerB
1
Everybody Needs Somebody to Love
The Blues Brothers
The Blues Brothers Original Motion Picture Soundtrack
from Spotify
29
12 voters
5th
Heavy Metal Zebra
N2N0
5
rena :)
3
JustRimmey
3
EJ Gunter
3
Tatami
2
Sjr
2
Duncan Moreland
2
Dina B
2
ThenerB
Classic 
2
Matthew J. Hobbs
2
Marina
2
JJdaPanda
1
Immigrant Song
Trent Reznor and Atticus Ross
The Girl With the Dragon Tattoo
from Spotify
27
11 voters
6th
Marina
Mooly
6
EJ Gunter
5
Sjr
3
Duncan Moreland
3
N2N0
2
Dina B
2
JustRimmey
2
JJdaPanda
1
Heavy Metal Zebra
1
Tatami
1
Matthew J. Hobbs
1
I Won't Say (I'm In Love)
Susan Egan
Hercules (Original Motion Picture Soundtrack)
from Spotify
22
10 voters
7th
EJ Gunter
HippyHippyShake
6
Heavy Metal Zebra
3
rena :)
soooo iconic ⭐️
3
JJdaPanda
2
Tatami
2
N2N0
2
Sjr
1
Duncan Moreland
1
ThenerB
Nice 
1
JustRimmey
1
See You Again (feat. Charlie Puth)
Wiz Khalifa
See You Again (feat. Charlie Puth)
from Spotify
21
10 voters
8th
HippyHippyShake
EJ Gunter
4
JJdaPanda
3
Sjr
3
Matthew J. Hobbs
3
Tatami
2
Dina B
2
Heavy Metal Zebra
1
Duncan Moreland
1
ThenerB
1
Terry L.
1
Your Idol
Saja Boys
KPop Demon Hunters (Soundtrack from the Netflix Film)
from Spotify
21
8 voters
9th
ThenerB
Sorry, not sorry 
Tatami
4
JJdaPanda
3
HippyHippyShake
3
N2N0
3
EJ Gunter
3
Heavy Metal Zebra
2
Dina B
2
Sjr
1
Snakes on a Plane (Bring It)
Cobra Starship
Snakes On A Plane: The Album (Original Motion Picture Soundtrack)
from Spotify
19
11 voters
10th
JustRimmey
HippyHippyShake
3
Duncan Moreland
3
ThenerB
Forgot about this song 🤣 nice
3
Dina B
2
Terry L.
2
JJdaPanda
1
Heavy Metal Zebra
1
Tatami
1
Sjr
1
N2N0
1
EJ Gunter
1
Goodbye Horses - Single
Q Lazzarus
Goodbye Horses - Single
from Spotify
18
10 voters
11th
Mooly
The Silence of the Lambs. Iconic
Matthew J. Hobbs
4
JustRimmey
3
Sjr
2
N2N0
2
Dina B
2
JJdaPanda
1
Tatami
1
Duncan Moreland
1
ThenerB
1
Marina
1
She's Like the Wind (feat. Wendy Fraser) - From ""Dirty Dancing"" Soundtrack
Patrick Swayze
Dirty Dancing (Original Motion Picture Soundtrack)
from Spotify
18
9 voters
12th
rena :)
my favorite movie of all time 🥹
Terry L.
5
Heavy Metal Zebra
3
Sjr
2
JustRimmey
2
Matthew J. Hobbs
2
JJdaPanda
1
Tatami
1
Dina B
1
ThenerB
1
Boom Clap - From the Motion Picture Das Schicksal ist ein mieser Verräter
Charli xcx
The Fault In Our Stars: Music From The Motion Picture
from Spotify
18
8 voters
13th
N2N0
The soundtrack to this movie was so amazing. Like more than I ever expected.
Terry L.
4
Marina
4
Matthew J. Hobbs
3
JJdaPanda
2
Tatami
2
Sjr
1
Duncan Moreland
1
JustRimmey
1
Suddenly I See
KT Tunstall
Eye To The Telescope
from Spotify
17
10 voters
14th
Sjr
The Devil Wears Prada
N2N0
3
Marina
3
Duncan Moreland
Just rewatched this
2
Matthew J. Hobbs
2
Terry L.
2
JJdaPanda
1
Heavy Metal Zebra
1
Tatami
1
ThenerB
1
JustRimmey
1
Love Is an Open Door - From ""Frozen""/Soundtrack Version
Kristen Bell
Frozen (Original Motion Picture Soundtrack / Deluxe Edition)
from Spotify
15
7 voters
15th
JJdaPanda
Dina B
3
ThenerB
Such a great soundtrack and I appreciate you choosing this song
3
rena :)
3
Tatami
2
Matthew J. Hobbs
2
Sjr
1
Terry L.
1
Adagio For TRON
Daft Punk
TRON: Legacy - The Complete Edition (Original Motion Picture Soundtrack)
from Spotify
11
8 voters
16th
Duncan Moreland
Sjr
2
Dina B
2
Mooly
2
JJdaPanda
1
Heavy Metal Zebra
1
Tatami
1
ThenerB
1
Marina
1"
https://app.musicleague.com/l/fe4049a5bec34a9892e2fd5135a35ad3/4fd6fe075c7e4724b552f26ce8bee94c/,"OPEN
SPEEDY
all bangers all the time ✨
a speedy set full of fun catergories so we can all share our favorite bangers ◡̈

Admin






+13
12
ROUNDS
  1
SONG/ROUND
  20 / 21
PLAYERS
Rounds
Standings
Chat
ROUND 6
childhood JAM
any song that brings extreme nostalgia and takes you right back to the good ole days
Hide comments
My song(s)
The Real Slim Shady
Eminem
The Marshall Mathers LP
from Spotify
41
14 voters
1st
Heavy Metal Zebra
HippyHippyShake
6
Marina
6
Sjr
3
Tatami
3
Mooly
3
EJ Gunter
3
ThenerB
Omg I remember sneaking after my bedtime to try and capture this on my tape recorder bc the local radio station wouldn’t play it until after 9p 🤣 
3
JJdaPanda
2
Terry L.
2
Matthew J. Hobbs
2
JustRimmey
2
N2N0
2
Duncan Moreland
2
Dina B
2
Everybody (Backstreet's Back) - Extended Version
Backstreet Boys
Backstreet Boys
from Spotify
37
14 voters
2nd
Sjr
HippyHippyShake
6
Marina
6
Heavy Metal Zebra
4
Mooly
3
Terry L.
3
ThenerB
😍
3
JJdaPanda
2
EJ Gunter
2
Matthew J. Hobbs
2
Dina B
2
Tatami
1
N2N0
1
Duncan Moreland
1
JustRimmey
1
Wannabe
Spice Girls
Spice
from Spotify
35
14 voters
3rd
Dina B
HippyHippyShake
4
N2N0
3
ThenerB
🤩
3
Matthew J. Hobbs
3
EJ Gunter
3
Heavy Metal Zebra
3
Tatami
2
JJdaPanda
2
Duncan Moreland
2
JustRimmey
2
Mooly
2
Terry L.
2
Marina
2
Sjr
2
Who Am I (What’s My Name)?
Snoop Dogg
Doggystyle
from Spotify
27
11 voters
4th
Tatami
HippyHippyShake
6
Duncan Moreland
3
JustRimmey
3
Mooly
3
EJ Gunter
3
Dina B
2
ThenerB
2
Terry L.
2
JJdaPanda
1
Heavy Metal Zebra
1
Sjr
1
Straight Up
Paula Abdul
Forever Your Girl
from Spotify
25
12 voters
5th
HippyHippyShake
I remember being obsessed with Paula Abdul in elementary school and can remember pieces of a dance my friends and I did to this song from my fourth grade talent show. 
N2N0
4
Dina B
3
Matthew J. Hobbs
3
Heavy Metal Zebra
2
Tatami
2
Duncan Moreland
2
ThenerB
2
JustRimmey
2
Terry L.
2
JJdaPanda
1
Sjr
1
Mooly
1
Amber
311
From Chaos
from Spotify
24
10 voters
6th
ThenerB
Since this round happened to fall on 311 day, had to
Tatami
5
Mooly
Always liked this song; bonus point because it was on the radio when my husband proposed and we always laugh about it ♥️
5
Marina
4
HippyHippyShake
2
Sjr
2
Dina B
2
JJdaPanda
1
Duncan Moreland
1
JustRimmey
1
Terry L.
1
Just Can't Get Enough
Depeche Mode
Speak and Spell (Deluxe)
from Spotify
17
10 voters
7th
Matthew J. Hobbs
The 80s were an awesome time to grow up, and we had the best soundtrack. 
JustRimmey
4
Heavy Metal Zebra
2
N2N0
2
Dina B
2
Terry L.
2
JJdaPanda
1
Sjr
1
Duncan Moreland
1
ThenerB
1
Marina
1
Particle Man
They Might Be Giants
Flood
from Spotify
17
8 voters
8th
JustRimmey
TMBG was the soundtrack of my childhood, especially when they were on Tiny Toon Adventures!
Matthew J. Hobbs
Flood was such a great album overall. 
5
Duncan Moreland
3
Dina B
3
N2N0
2
JJdaPanda
1
Tatami
1
Sjr
1
Mooly
1
Shake It
Metro Station
Metro Station
from Spotify
15
9 voters
9th
EJ Gunter
Tatami
2
N2N0
2
Dina B
2
ThenerB
2
JustRimmey
2
Terry L.
2
JJdaPanda
1
Sjr
1
Duncan Moreland
1
Last Friday Night (T.G.I.F.)
Katy Perry
Teenage Dream
from Spotify
15
8 voters
10th
Duncan Moreland
Remember, don’t mine at night
JJdaPanda
3
EJ Gunter
3
Tatami
2
N2N0
2
Terry L.
2
Sjr
1
ThenerB
1
JustRimmey
1
Drops of Jupiter (Tell Me)
Train
Drops Of Jupiter
from Spotify
15
8 voters
10th
N2N0
Heavy Metal Zebra
3
Sjr
3
Dina B
2
Terry L.
2
EJ Gunter
2
JJdaPanda
1
Tatami
1
JustRimmey
1
Hysteria
Def Leppard
Hysteria
from Spotify
14
9 voters
12th
Terry L.
Was 12 years old when this album came out
Matthew J. Hobbs
Loved this album!
5
Dina B
2
JJdaPanda
1
Tatami
1
Sjr
1
Duncan Moreland
1
JustRimmey
1
Mooly
1
EJ Gunter
1
Ripped Pants
Spongebob Squarepants
SpongeBob's Greatest Hits
from Spotify
11
7 voters
13th
Marina
JJdaPanda
2
Heavy Metal Zebra
2
Mooly
2
EJ Gunter
2
Sjr
1
Duncan Moreland
1
Matthew J. Hobbs
1
He Could Be the One
Hannah Montana
Hannah Montana 3
from Spotify
10
6 voters
14th
JJdaPanda
N2N0
3
ThenerB
2
EJ Gunter
2
Sjr
1
Duncan Moreland
1
JustRimmey
1
Hey Sandy
Polaris
Music From The Adventures Of Pete & Pete
from Spotify
9
6 voters
15th
Mooly
Heavy Metal Zebra
3
Duncan Moreland
2
JJdaPanda
1
Tatami
1
Sjr
1
ThenerB
1
Oops!...I Did It Again
Britney Spears
Oops!... I Did It Again
from Spotify
35 0
14 voters
16th
JacAttac
Did not vote
First song I remember hearing on the radio
Marina
5
Terry L.
4
N2N0
3
Sjr
3
EJ Gunter
3
ThenerB
💛
3
JJdaPanda
2
Heavy Metal Zebra
2
Tatami
2
Mooly
2
Duncan Moreland
2
JustRimmey
2
Matthew J. Hobbs
1
Dina B
1
Part of Your World
Jodi Benson
The Little Mermaid Special Edition
from Spotify
13 0
10 voters
17th
Kate Booth
Did not vote
Gave up her entire family AND this voice for a dude she met once while he was concussed… I mean, we’ve all done it! 
JJdaPanda
2
Heavy Metal Zebra
2
Matthew J. Hobbs
2
Tatami
1
Sjr
1
Duncan Moreland
1
Dina B
1
ThenerB
1
JustRimmey
1
Mooly
1"
https://app.musicleague.com/l/fe4049a5bec34a9892e2fd5135a35ad3/f4b9217737f44aadb8b52531d3495a36/,"OPEN
SPEEDY
all bangers all the time ✨
a speedy set full of fun catergories so we can all share our favorite bangers ◡̈

Admin






+13
12
ROUNDS
  1
SONG/ROUND
  20 / 21
PLAYERS
Rounds
Standings
Chat
ROUND 5
title containing a body part
✋🩷👄🦶💪
Hide comments
My song(s)
Poker Face
Lady Gaga
The Fame
from Spotify
38
14 voters
1st
JustRimmey
JJdaPanda
8
rena :)
5
Duncan Moreland
4
Marina
3
Sjr
2
N2N0
2
Dina B
2
Kate Booth
2
Terry L.
2
EJ Gunter
2
Heavy Metal Zebra
2
Matthew J. Hobbs
2
ThenerB
1
Tatami
1
JustRimmey
Would I pick this song, no! Did my son, yep!
Baby Got Back
Sir Mix-A-Lot
Mack Daddy
from Spotify
37
14 voters
2nd
ThenerB
HippyHippyShake
5
EJ Gunter
5
Matthew J. Hobbs
4
Heavy Metal Zebra
3
Dina B
3
Marina
2
Kate Booth
2
N2N0
2
Duncan Moreland
2
JustRimmey
Can't ignore this banger of a classic!
2
Terry L.
2
JJdaPanda
2
Tatami
2
Sjr
1
Heart Of Glass
Blondie
Parallel Lines
from Spotify
35
15 voters
3rd
HippyHippyShake
I don’t know how anyone could NOT love this song 
rena :)
5
Matthew J. Hobbs
4
Marina
3
Kate Booth
3
EJ Gunter
3
Dina B
3
N2N0
3
Terry L.
2
Heavy Metal Zebra
2
Sjr
2
JJdaPanda
1
Tatami
1
JustRimmey
I agree!
1
Duncan Moreland
1
ThenerB
1
Groove Is in the Heart
Deee-Lite
World Clique
from Spotify
34
14 voters
4th
Kate Booth
HippyHippyShake
5
ThenerB
Love this song so much
5
Matthew J. Hobbs
4
JustRimmey
I WILL DESK DANCE TO THIS SUCKER ALL DAY!!!!
3
Marina
2
N2N0
2
Dina B
2
rena :)
2
Terry L.
2
Tatami
2
Sjr
2
JJdaPanda
1
Heavy Metal Zebra
1
Duncan Moreland
1
(I Just) Died In Your Arms
Cutting Crew
Broadcast
from Spotify
34
14 voters
5th
N2N0
Heavy Metal Zebra
4
HippyHippyShake
3
EJ Gunter
3
Duncan Moreland
3
Kate Booth
3
rena :)
3
Terry L.
3
Sjr
2
ThenerB
2
JJdaPanda
2
Matthew J. Hobbs
2
Dina B
2
JustRimmey
From the opening synth, this earworm will get stuck for a while!
1
Tatami
1
Hand in My Pocket - 2015 Remaster
Alanis Morissette
Jagged Little Pill (2015 Remaster)
from Spotify
33
14 voters
6th
Terry L.
Marina
5
HippyHippyShake
4
N2N0
3
ThenerB
Excellent choice
3
Kate Booth
3
Sjr
2
Heavy Metal Zebra
2
Dina B
2
JustRimmey
Can't say no to God herself!
2
Matthew J. Hobbs
2
rena :)
2
JJdaPanda
1
Duncan Moreland
1
Tatami
1
Heart-Shaped Box
Nirvana
In Utero (Deluxe Edition)
from Spotify
27
14 voters
7th
Duncan Moreland
Sjr
3
rena :)
3
Tatami
3
EJ Gunter
3
Dina B
2
Kate Booth
2
Terry L.
2
N2N0
2
ThenerB
2
Matthew J. Hobbs
1
JJdaPanda
1
Heavy Metal Zebra
1
JustRimmey
I feel like I am the worst fan of alternative and rock-aligned genres, for not liking nirvana as much as I stereotypically should
1
Marina
1
Eye of the Tiger
Survivor
Rocky IV
from Spotify
23
11 voters
8th
JJdaPanda
N2N0
4
Heavy Metal Zebra
3
Dina B
3
EJ Gunter
3
Sjr
2
Duncan Moreland
2
rena :)
2
Kate Booth
1
Tatami
1
ThenerB
1
Matthew J. Hobbs
1
Bette Davis Eyes
Kim Carnes
Mistaken Identity
from Spotify
18
12 voters
9th
Matthew J. Hobbs
Terry L.
3
HippyHippyShake
2
Sjr
2
N2N0
2
rena :)
2
Kate Booth
1
JJdaPanda
1
Heavy Metal Zebra
1
Tatami
1
Dina B
1
ThenerB
1
JustRimmey
God, this song is always a great one! Simple and solid!
1
Legs (2008 Remaster)
ZZ Top
Eliminator
from Spotify
18
10 voters
10th
Dina B
Matthew J. Hobbs
4
Heavy Metal Zebra
3
Duncan Moreland
2
Terry L.
2
EJ Gunter
2
Kate Booth
1
JJdaPanda
1
Sjr
1
N2N0
1
ThenerB
1
Hand Of Blood
Bullet For My Valentine
The Poison
from Spotify
18
7 voters
11th
Heavy Metal Zebra
JustRimmey
THIS IS MY KIND OF BANGER =-) I know that metalcore is not for everyone, but for some reason, it helps calm my neurospicyness and anxiety!
5
Marina
4
Tatami
3
Sjr
2
Duncan Moreland
2
JJdaPanda
1
ThenerB
1
HandClap
Fitz and The Tantrums
Fitz and The Tantrums (Deluxe Edition)
from Spotify
17
10 voters
12th
Sjr
Dina B
3
Terry L.
3
Kate Booth
2
N2N0
2
ThenerB
Love Fitz and The Tantrums 
2
JJdaPanda
1
Heavy Metal Zebra
1
HippyHippyShake
1
Tatami
1
JustRimmey
Children ruined this song for me, it is so good!
1
Airhead
Honey Revenge
Retrovision
from Spotify
15
8 voters
13th
Marina
JustRimmey
I am OBSESSED with Honey Revenge.  They are getting a lot of play time with South Arcade and Greywind in my normal music rotation!
4
Tatami
3
Sjr
2
Terry L.
2
JJdaPanda
1
Duncan Moreland
1
Dina B
1
ThenerB
1
Out of My Head (feat. Trey Songz)
Lupe Fiasco
Lasers
from Spotify
14
8 voters
14th
Tatami
EJ Gunter
3
Kate Booth
2
HippyHippyShake
2
Duncan Moreland
2
ThenerB
Lupe!
2
JJdaPanda
1
N2N0
1
JustRimmey
I vibe with this so hard!
1
IN YOUR EYES
Snoh Aalegra
TEMPORARY HIGHS IN THE VIOLET SKIES
from Spotify
13
8 voters
15th
EJ Gunter
Tatami
3
Kate Booth
2
HippyHippyShake
2
Duncan Moreland
2
JJdaPanda
1
Heavy Metal Zebra
1
ThenerB
1
JustRimmey
This was new to me, I was a big fan of the beat and the vibe!
1
Lips Of An Angel
Hinder
Extreme Behavior
from Spotify
10
7 voters
16th
rena :)
Marina
4
JJdaPanda
1
Tatami
1
Sjr
1
Duncan Moreland
1
JustRimmey
I do not like this song whatsoever. My mother absolutely loved it, and I will always give it a thumbs up in her memory whenever people submit it!
1
Terry L.
1"
https://app.musicleague.com/l/fe4049a5bec34a9892e2fd5135a35ad3/a267f951890641e0ba0fbd15fb5cddb1/,"OPEN
SPEEDY
all bangers all the time ✨
a speedy set full of fun catergories so we can all share our favorite bangers ◡̈

Admin






+13
12
ROUNDS
  1
SONG/ROUND
  20 / 21
PLAYERS
Rounds
Standings
Chat
ROUND 4
single word title
as simple as it gets
Hide comments
My song(s)
Creep
Radiohead
Pablo Honey
from Spotify
29
11 voters
1st
EJ Gunter
JJdaPanda
6
Matthew J. Hobbs
4
Heavy Metal Zebra
3
N2N0
3
Duncan Moreland
3
Sjr
2
Dina B
2
JustRimmey
2
Mooly
2
ThenerB
1
Marina
1
Jump - 2015 Remaster
Van Halen
1984 (Remastered)
from Spotify
29
11 voters
2nd
Dina B
Mooly
5
rena :)
4
Matthew J. Hobbs
4
N2N0
3
Terry L.
3
Heavy Metal Zebra
2
Sjr
2
Duncan Moreland
2
EJ Gunter
2
JJdaPanda
1
ThenerB
1
Poison
Bell Biv DeVoe
Poison
from Spotify
29
11 voters
3rd
Mooly
Duncan Moreland
4
ThenerB
Oh I love this song so much, well done
4
HippyHippyShake
3
JustRimmey
3
Matthew J. Hobbs
3
Terry L.
3
EJ Gunter
3
Sjr
2
Dina B
2
JJdaPanda
1
N2N0
1
Waterfalls
TLC
Crazysexycool
from Spotify
28
13 voters
4th
Terry L.
Mooly
4
Dina B
3
HippyHippyShake
3
Heavy Metal Zebra
3
EJ Gunter
3
N2N0
3
Matthew J. Hobbs
2
Sjr
2
JJdaPanda
1
JustRimmey
1
ThenerB
1
Marina
1
Duncan Moreland
1
Valerie - Live At BBC Radio 1 Live Lounge, London / 2007
Amy Winehouse
Back To Black (Deluxe Edition)
from Spotify
27
12 voters
5th
rena :)
a ✨🫶🏻classic🫶🏻✨
ThenerB
Best version hands down
4
Marina
4
N2N0
3
EJ Gunter
3
Sjr
2
Duncan Moreland
2
Dina B
2
JustRimmey
2
Matthew J. Hobbs
2
JJdaPanda
1
Heavy Metal Zebra
1
HippyHippyShake
1
She
Green Day
Dookie
from Spotify
25
12 voters
6th
JustRimmey
HippyHippyShake
5
Heavy Metal Zebra
4
Sjr
2
N2N0
2
ThenerB
💪
2
Matthew J. Hobbs
2
Mooly
2
Marina
2
JJdaPanda
1
Duncan Moreland
1
Dina B
1
Terry L.
1
Fancy
Reba McEntire
Reba McEntire's Greatest Hits, Volume Two
from Spotify
24
11 voters
7th
HippyHippyShake
rena :)
4
JustRimmey
4
Terry L.
4
Sjr
3
Duncan Moreland
2
Dina B
2
JJdaPanda
1
Heavy Metal Zebra
1
N2N0
1
ThenerB
1
Matthew J. Hobbs
1
Santeria
Sublime
Sublime
from Spotify
23
12 voters
8th
Sjr
rena :)
4
Mooly
3
EJ Gunter
3
HippyHippyShake
2
Duncan Moreland
2
Dina B
2
Terry L.
2
JJdaPanda
1
Heavy Metal Zebra
1
ThenerB
1
JustRimmey
1
Marina
1
Complicated
Avril Lavigne
Let Go
from Spotify
23
12 voters
9th
N2N0
JJdaPanda
3
Heavy Metal Zebra
3
Marina
3
Dina B
2
rena :)
2
JustRimmey
2
Terry L.
2
EJ Gunter
2
Sjr
1
Duncan Moreland
1
ThenerB
1
Matthew J. Hobbs
1
Nonsense
Sabrina Carpenter
emails i can't send
from Spotify
23
9 voters
10th
JJdaPanda
HippyHippyShake
5
rena :)
4
Marina
4
N2N0
2
Dina B
2
JustRimmey
2
Terry L.
2
ThenerB
1
Matthew J. Hobbs
1
Xanadu
Olivia Newton-John
Xanadu
from Spotify
12
7 voters
11th
Matthew J. Hobbs
Mooly
3
N2N0
2
Terry L.
2
EJ Gunter
2
JJdaPanda
1
Heavy Metal Zebra
1
ThenerB
Nice
1
Creature
LANDMVRKS
The Darkest Place I've Ever Been
from Spotify
10
7 voters
12th
Heavy Metal Zebra
Marina
3
JustRimmey
2
JJdaPanda
1
Sjr
1
Duncan Moreland
1
ThenerB
1
Terry L.
1
Blue (feat. Captain Rock)
Swervy
Undercover Angel
from Spotify
10
7 voters
12th
Marina
Heavy Metal Zebra
3
JustRimmey
2
JJdaPanda
1
Sjr
1
Duncan Moreland
1
Matthew J. Hobbs
1
Terry L.
1
Muévelo
Kali Uchis
Muévelo
from Spotify
9
5 voters
14th
Duncan Moreland
Marina
3
Dina B
2
ThenerB
Oh I like it!
2
JJdaPanda
1
HippyHippyShake
1
Numb
Elderbrook
Numb
from Spotify
6
6 voters
15th
ThenerB
This track has a hold on me like few others 
JJdaPanda
1
Sjr
1
Duncan Moreland
1
JustRimmey
1
Mooly
1
EJ Gunter
1
Landslide
Fleetwood Mac
Fleetwood Mac
from Spotify
32 0
12 voters
16th
[Left the league]
Did not vote
rena :)
6
EJ Gunter
5
N2N0
4
Mooly
3
Terry L.
3
HippyHippyShake
2
Sjr
2
Dina B
2
Matthew J. Hobbs
2
JJdaPanda
1
Heavy Metal Zebra
1
Duncan Moreland
1
Hypnotized (feat. Ellie Goulding)
Anyma
The End Of Genesys
from Spotify
9 0
8 voters
17th
Tatami
Did not vote
JustRimmey
2
JJdaPanda
1
Heavy Metal Zebra
1
HippyHippyShake
1
Sjr
1
ThenerB
👍
1
Matthew J. Hobbs
1
Mooly
1
PAIN
King Princess
PAIN
from Spotify
12 0
7 voters
18th
JacAttac
Did not vote
Sjr
2
Duncan Moreland
2
Dina B
2
ThenerB
Cool
2
Marina
2
JJdaPanda
1
HippyHippyShake
1"
https://app.musicleague.com/l/fe4049a5bec34a9892e2fd5135a35ad3/137c9e8975fa4a3197f47a322f3df86d/,"OPEN
SPEEDY
all bangers all the time ✨
a speedy set full of fun catergories so we can all share our favorite bangers ◡̈

Admin






+13
12
ROUNDS
  1
SONG/ROUND
  20 / 21
PLAYERS
Rounds
Standings
Chat
ROUND 3
title containing a number
counting up, counting down, on cloud 9 or like 1,2,3 you can count on me , favorite song with any numerical value
Hide comments
My song(s)
I'm Gonna Be (500 Miles)
The Proclaimers
Sunshine on Leith
from Spotify
37
14 voters
1st
N2N0
JJdaPanda
10
Tatami
4
Heavy Metal Zebra
3
Terry L.
3
Sjr
3
Mooly
3
Matthew J. Hobbs
2
JustRimmey
2
rena :)
2
EJ Gunter
1
Marina
1
HippyHippyShake
1
Duncan Moreland
1
ThenerB
1
6 Foot 7 Foot
Lil Wayne
Tha Carter IV (Complete Edition)
from Spotify
32
10 voters
2nd
Tatami
Mooly
6
EJ Gunter
5
Marina
5
HippyHippyShake
4
ThenerB
3
JustRimmey
3
Dina B
2
Matthew J. Hobbs
2
Sjr
1
Terry L.
1
One
Metallica
…And Justice for All (Remastered)
from Spotify
30
10 voters
3rd
Heavy Metal Zebra
Duncan Moreland
5
rena :)
5
Terry L.
4
Marina
4
Sjr
3
Dina B
3
Mooly
2
EJ Gunter
2
ThenerB
1
JustRimmey
1
3005
Childish Gambino
Because the Internet
from Spotify
28
11 voters
4th
Dina B
JustRimmey
4
Marina
4
N2N0
3
ThenerB
3
Corgi
3
EJ Gunter
3
Heavy Metal Zebra
2
HippyHippyShake
2
Duncan Moreland
2
Matthew J. Hobbs
1
Terry L.
1
Summer Of '69
Bryan Adams
Reckless (30th Anniversary / Deluxe Edition)
from Spotify
25
8 voters
5th
Terry L.
rena :)
6
Heavy Metal Zebra
4
N2N0
3
Dina B
3
Matthew J. Hobbs
3
EJ Gunter
3
Sjr
2
ThenerB
1
300 M.P.H. Torrential Outpour Blues
The White Stripes
Icky Thump
from Spotify
23
9 voters
6th
HippyHippyShake
I love this whole album front to back 
Marina
6
Mooly
4
Duncan Moreland
3
Matthew J. Hobbs
3
N2N0
2
Terry L.
2
Dina B
1
ThenerB
1
EJ Gunter
1
8 (JANGWONYOUNG Solo)
IVE
REVIVE+
from Spotify
18
8 voters
7th
ThenerB
And left no crumbs… one of my faves from their latest album, definitely a banger
HippyHippyShake
6
N2N0
3
JJdaPanda
2
Tatami
2
Mooly
2
Heavy Metal Zebra
1
Matthew J. Hobbs
1
EJ Gunter
1
TenTwentyTen
Generationals
ActorCaster
from Spotify
15
8 voters
8th
Matthew J. Hobbs
Mooly
6
Sjr
2
ThenerB
New to me, like it 👍
2
Heavy Metal Zebra
1
Duncan Moreland
1
JustRimmey
1
Terry L.
1
EJ Gunter
1
pg.4 a picture of three hedges
julie
pg.4 a picture of three hedges/through your window
from Spotify
14
7 voters
9th
Duncan Moreland
Tatami
3
Marina
3
Sjr
2
JustRimmey
2
Corgi
2
Heavy Metal Zebra
1
N2N0
1
212
Azealia Banks
Broke with Expensive Taste
from Spotify
13
8 voters
10th
Mooly
Say what you will about Azealia Banks, bitch knows how to serve cunt 💅
HippyHippyShake
4
N2N0
2
Dina B
2
Duncan Moreland
1
ThenerB
1
Matthew J. Hobbs
1
Terry L.
1
EJ Gunter
1
Seventy Times 7
Brand New
Your Favorite Weapon
from Spotify
13
7 voters
11th
JustRimmey
Heavy Metal Zebra
3
Sjr
2
Duncan Moreland
2
Dina B
2
Matthew J. Hobbs
2
HippyHippyShake
1
ThenerB
1
Cloud 9
Megan Moroney
Cloud 9
from Spotify
12
8 voters
12th
rena :)
Terry L.
3
Sjr
2
Dina B
2
N2N0
1
ThenerB
Normally not my scene but this one got a full play through
1
JustRimmey
1
Matthew J. Hobbs
1
EJ Gunter
1
2
Life After Youth
2
from Spotify
12
5 voters
13th
Marina
Duncan Moreland
5
Tatami
3
Sjr
2
Heavy Metal Zebra
1
ThenerB
1
1955
Hilltop Hoods
Drinking From The Sun, Walking Under Stars Restrung
from Spotify
11
7 voters
14th
Sjr
ThenerB
Hadn’t heard it, cool 👍
2
JustRimmey
2
Matthew J. Hobbs
2
Terry L.
2
N2N0
1
Dina B
1
EJ Gunter
1
100 Bad Days
AJR
Neotheater
from Spotify
10
7 voters
15th
JJdaPanda
Tatami
2
Sjr
2
JustRimmey
2
Heavy Metal Zebra
1
N2N0
1
ThenerB
1
Matthew J. Hobbs
1
$106
Oranj Goodman
Medicine
from Spotify
5
2 voters
16th
EJ Gunter
🥳🥳🥳
Tatami
3
Duncan Moreland
2
BETON.HOF1
Beton.Hofi
INTERREGNUM
from Spotify
3
2 voters
17th
Corgi
Tatami
2
Heavy Metal Zebra
1
7 Things - Single Version
Miley Cyrus
Breakout
from Spotify
53 0
12 voters
18th
[Left the league]
Did not vote
Corgi
19
JJdaPanda
10
rena :)
SO
GOOD !!!
6
N2N0
3
Matthew J. Hobbs
3
Terry L.
3
Dina B
2
JustRimmey
2
EJ Gunter
2
Heavy Metal Zebra
1
Sjr
1
ThenerB
1
7
Prince
[Love Symbol]
from Spotify
33 0
11 voters
19th
Kate Booth
Did not vote
HippyHippyShake
6
Tatami
5
Dina B
5
JustRimmey
4
Heavy Metal Zebra
3
N2N0
2
Duncan Moreland
2
ThenerB
2
Matthew J. Hobbs
2
Mooly
1
EJ Gunter
1
1, 2, 3, 4
Plain White T's
Big Bad World
from Spotify
21 0
10 voters
20th
JacAttac
Did not vote
There’s only 1 thing 2 do, 3 words 4 you, I love youuuu
rena :)
a gooooodieeee
5
Terry L.
3
JJdaPanda
2
Heavy Metal Zebra
2
Sjr
2
N2N0
2
ThenerB
2
Dina B
1
EJ Gunter
1
Marina
1"
https://app.musicleague.com/l/fe4049a5bec34a9892e2fd5135a35ad3/2eedc693c0fd4b92bff7e9c468502270/,"OPEN
SPEEDY
all bangers all the time ✨
a speedy set full of fun catergories so we can all share our favorite bangers ◡̈

Admin






+13
12
ROUNDS
  1
SONG/ROUND
  20 / 21
PLAYERS
Rounds
Standings
Chat
ROUND 2
women do it best 🫶🏻
fav song by a female artist !
Hide comments
My song(s)
Bad Romance
Lady Gaga
The Fame Monster (Deluxe Edition)
from Spotify
39
15 voters
1st
JacAttac
JJdaPanda
4
ThenerB
4
[Left the league]
4
Sjr
4
Tatami
3
Marina
3
Heavy Metal Zebra
3
Terry L.
3
N2N0
2
Matthew J. Hobbs
2
Mooly
2
Duncan Moreland
2
[Left the league]
1
Dina B
1
JustRimmey
This song was slightly ruined for me when my kids first learned they could ask for non-kids music on our alexa devices! However, with everything being more mellow or laid back leading into this, we may be approaching banger territory!
1
You Know I'm No Good
Amy Winehouse
Back To Black (Deluxe Edition)
from Spotify
37
14 voters
2nd
ThenerB
So many great artists to choose from and so many favorites, but this is the one that ended up here
Duncan Moreland
5
Mooly
5
Tatami
4
Matthew J. Hobbs
4
HippyHippyShake
4
Marina
3
Sjr
2
[Left the league]
2
JacAttac
2
N2N0
2
JJdaPanda
1
Terry L.
1
JustRimmey
Gone too soon! I have to get up and move and dance any time I hear this song! It is definitely a bop. Is it a banger? Still thinking about it!
1
Dina B
1
Unwritten
Natasha Bedingfield
Unwritten
from Spotify
33
13 voters
3rd
N2N0
Corgi
10
Marina
3
Terry L.
3
Sjr
3
Heavy Metal Zebra
2
Tatami
2
Matthew J. Hobbs
2
[Left the league]
2
JacAttac
2
JJdaPanda
1
[Left the league]
1
ThenerB
1
JustRimmey
I love this song, and sing along loudly (and poorly) whenever I hear it.
1
Ain't Nobody
Chaka Khan
Epiphany: The Best of Chaka Khan, Vol. 1
from Spotify
30
13 voters
4th
Mooly
HippyHippyShake
4
Tatami
3
[Left the league]
3
Heavy Metal Zebra
3
Terry L.
3
Dina B
3
JacAttac
2
JustRimmey
Chaka doesn't get enough love these days. BANGER! Certified to make me dance!
2
Sjr
2
Duncan Moreland
2
JJdaPanda
1
[Left the league]
1
ThenerB
1
I'm with You
Avril Lavigne
Let Go
from Spotify
30
11 voters
5th
Heavy Metal Zebra
Corgi
10
Terry L.
4
Marina
3
JJdaPanda
2
N2N0
2
[Left the league]
2
JacAttac
2
[Left the league]
2
ThenerB
1
JustRimmey
I love this song so much. But I ask myself, is it a banger? And then I find myself thinking about the old Avril Lavigne clone conspiracy theory, and then I think about whatever happened to my Avril poster I had in college. And then I decided this is banger-adjacent enough for me!
1
Matthew J. Hobbs
1
Uninvited
Alanis Morissette
City of Angels (Music from the Motion Picture)
from Spotify
28
11 voters
6th
HippyHippyShake
Truly one of the best songs written for a movie of all time. 
Duncan Moreland
5
N2N0
3
Dina B
3
JustRimmey
Ok, I complained about slowness of other songs, and me questioning the banger-nature of them. What takes this to the next level (aside from being recorded by God herself) is how this musically builds and crescendos in ways that some of the earlier songs in the playlist did not.
3
Matthew J. Hobbs
3
[Left the league]
3
Marina
3
Sjr
2
JJdaPanda
1
ThenerB
1
JacAttac
1
Love at First Sight
Kylie Minogue
Fever
from Spotify
24
14 voters
7th
[Left the league]
ThenerB
4
Tatami
3
Mooly
3
Dina B
2
JustRimmey
I FORGOT ABOUT THIS SONG!!!!! I'll certify this as a banger.
2
N2N0
2
JJdaPanda
1
Heavy Metal Zebra
1
[Left the league]
1
Sjr
1
Terry L.
1
Duncan Moreland
1
Matthew J. Hobbs
1
JacAttac
1
Gypsy
Fleetwood Mac
Greatest Hits
from Spotify
24
13 voters
8th
Dina B
N2N0
3
Marina
3
Matthew J. Hobbs
3
Heavy Metal Zebra
2
Tatami
2
JacAttac
2
Mooly
2
Terry L.
2
Sjr
1
JustRimmey
Stevie's voice is like buttah! I think this is in more bop than banger territory.
1
[Left the league]
1
JJdaPanda
1
[Left the league]
1
Bulletproof
La Roux
La Roux
from Spotify
20
13 voters
9th
Sjr
Matthew J. Hobbs
3
[Left the league]
2
N2N0
2
Tatami
2
JustRimmey
This song lives rent free in my head for days whenever I hear it.  So, BANGER STATUS ACHIEVED!!!
2
JacAttac
2
JJdaPanda
1
Heavy Metal Zebra
1
[Left the league]
1
Mooly
1
Duncan Moreland
1
Dina B
1
ThenerB
1
Another Sad Love Song
Toni Braxton
Toni Braxton
from Spotify
20
12 voters
10th
Tatami
HippyHippyShake
4
Dina B
3
Terry L.
2
Heavy Metal Zebra
2
Sjr
2
JJdaPanda
1
[Left the league]
1
JacAttac
1
[Left the league]
1
N2N0
1
Duncan Moreland
1
ThenerB
1
JustRimmey
I do love some Toni from time to time, but it was not bangerish enough for my tastes.
Emotion
Destiny's Child
Survivor
from Spotify
18
9 voters
11th
Terry L.
Not solo artist, but didn't mention it had to be.
Corgi
4
Tatami
3
[Left the league]
3
JJdaPanda
2
Dina B
2
Heavy Metal Zebra
1
Sjr
1
Duncan Moreland
1
[Left the league]
1
JustRimmey
I think this is a good song, I think its too mellow for me to be a banger. I would have to be in a very niche mood to get into it.
Lose You To Love Me
Selena Gomez
Rare
from Spotify
14
6 voters
12th
JJdaPanda
HippyHippyShake
4
ThenerB
4
N2N0
2
Dina B
2
Matthew J. Hobbs
1
Terry L.
1
the me u kno
tiLLie
the me u kno
from Spotify
13
8 voters
13th
Marina
JustRimmey
I have never heard this before, but I will definitely listen to it again and again.  This for me, is a certified banger!
3
Terry L.
3
Heavy Metal Zebra
2
JJdaPanda
1
Duncan Moreland
1
ThenerB
1
JacAttac
1
[Left the league]
1
She's in Love with You - 2017 Remaster
Suzi Quatro
Suzi… and Other Four Letter Words (2017 Remaster)
from Spotify
12
11 voters
14th
Matthew J. Hobbs
JustRimmey
This song is an example of why I hate american music charts, she was HUGE in the UK, and got limited airtime in the US.  I DECLARE THIS A BANGER!
2
JJdaPanda
1
Heavy Metal Zebra
1
Sjr
1
Dina B
1
ThenerB
1
[Left the league]
1
JacAttac
1
[Left the league]
1
Mooly
1
Terry L.
1
Earth (Dradada)
Jerry Heil
Earth (Dradada)
from Spotify
10
7 voters
15th
Corgi
Mooly
4
JJdaPanda
1
Duncan Moreland
1
ThenerB
1
JustRimmey
I have no idea what to think about this song, but it got me movin while doing the dishes, so I must VOTE!
1
JacAttac
1
[Left the league]
1
Racist, Sexist Boy
The Linda Lindas
Growing Up
from Spotify
9
8 voters
16th
JustRimmey
Banger
Heavy Metal Zebra
2
JJdaPanda
1
Tatami
1
Duncan Moreland
1
Dina B
1
ThenerB
1
[Left the league]
1
JacAttac
1
I Dream of Jeannie - With the Light Brown Hair
Stina Nordenstam
People Are Strange
from Spotify
9
5 voters
17th
Duncan Moreland
[Left the league]
5
JJdaPanda
1
Sjr
1
N2N0
1
JacAttac
1
JustRimmey
I think this was an interesting song. I think I'm going to double back and listen to it again to see if I have a fuller opinion after a second go through.
yin to yang
runo plum
yin to yang
from Spotify
8
5 voters
18th
[Left the league]
HippyHippyShake
4
JJdaPanda
1
N2N0
1
Duncan Moreland
1
JacAttac
1
JustRimmey
I thought this was good, but way too mellow for my usual musical tastes.
Edge of Seventeen - 2016 Remaster
Stevie Nicks
Bella Donna (2016 Remastered)
from Spotify
40 0
15 voters
19th
EJ Gunter
Did not vote
Mooly
5
HippyHippyShake
4
Heavy Metal Zebra
School of Rock! 
4
N2N0
3
Marina
3
Dina B
3
Matthew J. Hobbs
3
[Left the league]
3
Sjr
3
[Left the league]
2
JacAttac
2
Duncan Moreland
2
JJdaPanda
1
JustRimmey
Yeah, ok, I now had to go reallocate votes, because this is the more banger-ish of the Stevie Nicks submissions. 
1
ThenerB
1
Good Books
Lola Young
Good Books
from Spotify
14 0
10 voters
20th
rena :)
Did not vote
this song speaks to me at volumes i can’t begin to explain
JustRimmey
I'm a big fan of the beat, and I'm loving her voice! The lyrics just keep getting better throughout the song!  I declare thee a banger!
3
Marina
3
JJdaPanda
1
Tatami
1
Sjr
1
Dina B
1
ThenerB
1
JacAttac
1
Matthew J. Hobbs
1
Mooly
1"
https://app.musicleague.com/l/fe4049a5bec34a9892e2fd5135a35ad3/2776396105a54c1e91e6763c60b24109/,"OPEN
SPEEDY
all bangers all the time ✨
a speedy set full of fun catergories so we can all share our favorite bangers ◡̈

Admin






+13
12
ROUNDS
  1
SONG/ROUND
  20 / 21
PLAYERS
Rounds
Standings
Chat
ROUND 1
name in the title
girls name, guys name, singers name, youuuu name it !! any song titles containing a name
Hide comments
My song(s)
like JENNIE
JENNIE
Ruby
from Spotify
41
12 voters
1st
ThenerB
JJdaPanda
13
Corgi
6
Mooly
5
HippyHippyShake
3
Dina B
3
Tatami
2
N2N0
2
JacAttac
2
Matthew J. Hobbs
2
Heavy Metal Zebra
1
Duncan Moreland
1
JustRimmey
I liked this more than I thought I would!
1
Iris
The Goo Goo Dolls
Dizzy up the Girl
from Spotify
40
17 voters
2nd
[Left the league]
[Left the league]
LOVE this song :)
5
Heavy Metal Zebra
4
JJdaPanda
4
Marina
3
Mooly
3
Terry L.
3
N2N0
2
Tatami
2
HippyHippyShake
2
rena :)
2
[Left the league]
2
Sjr
2
JacAttac
2
JustRimmey
Classic
1
ThenerB
1
Dina B
1
Duncan Moreland
1
Buddy Holly
Weezer
Weezer
from Spotify
38
15 voters
3rd
Sjr
[Left the league]
5
Mooly
5
Dina B
3
JacAttac
3
Heavy Metal Zebra
3
[Left the league]
3
Tatami
3
N2N0
2
Duncan Moreland
2
rena :)
2
HippyHippyShake
2
Matthew J. Hobbs
2
Terry L.
1
JustRimmey
Well played. A point for you sir, madam, or them!
1
[Left the league]
1
Charlene
Anthony Hamilton
Comin' From Where I'm From
from Spotify
32
8 voters
4th
Tatami
EJ Gunter
24
JustRimmey
God, this album start to finish is a banger!!
2
Sjr
1
[Left the league]
1
Dina B
1
Corgi
1
[Left the league]
1
[Left the league]
1
Jessie's Girl
Rick Springfield
Working Class Dog
from Spotify
31
15 voters
5th
JacAttac
rena :)
one of my favssss
6
[Left the league]
3
Marina
3
Heavy Metal Zebra
3
Dina B
2
Sjr
2
Tatami
2
N2N0
2
[Left the league]
2
JJdaPanda
1
Terry L.
1
Matthew J. Hobbs
1
JustRimmey
My dad rock vibes wouldn't let me not vote for this
1
ThenerB
Classic 
1
Duncan Moreland
1
Hey There Delilah
Plain White T's
All That We Needed
from Spotify
29
13 voters
6th
JJdaPanda
[Left the league]
4
rena :)
4
Dina B
3
JacAttac
3
Heavy Metal Zebra
3
Sjr
2
Tatami
2
N2N0
2
[Left the league]
2
Terry L.
1
Marina
1
ThenerB
Classic 
1
Duncan Moreland
1
JustRimmey
Ugh, I get it, I just have never liked this song.
Scotty Doesn't Know
Lustra
Left for Dead
from Spotify
27
13 voters
7th
rena :)
Duncan Moreland
3
Dina B
3
ThenerB
🤣🤣 well played 
3
Terry L.
2
JustRimmey
I love this for more than the meme!
2
HippyHippyShake
2
JacAttac
2
Heavy Metal Zebra
2
[Left the league]
2
Tatami
2
Sjr
2
Matthew J. Hobbs
1
[Left the league]
1
If I'm James Dean, You're Audrey Hepburn
Sleeping With Sirens
With Ears To See And Eyes To Hear
from Spotify
27
12 voters
8th
JustRimmey
rena :)
THIS IS SUCH A GOODIE !! OMG LOVE THE SWS APPRECIATION !!!!
5
Heavy Metal Zebra
3
Duncan Moreland
3
ThenerB
3
JacAttac
3
JJdaPanda
2
Matthew J. Hobbs
2
Marina
2
Tatami
1
Sjr
1
N2N0
1
[Left the league]
1
Valerie
Steve Winwood
Talking Back To The Night
from Spotify
27
11 voters
9th
Terry L.
Mooly
5
Marina
5
[Left the league]
3
Matthew J. Hobbs
3
Sjr
2
[Left the league]
2
N2N0
2
JustRimmey
ValeriEEEEEEEEEEEEEEEEE CALL ME! This is an absolute gem!
2
Heavy Metal Zebra
1
Tatami
1
Dina B
1
Jackie and Wilson
Hozier
Hozier (Expanded Edition)
from Spotify
25
14 voters
10th
Dina B
HippyHippyShake
3
rena :)
3
[Left the league]
3
Tatami
2
JJdaPanda
2
N2N0
2
Terry L.
2
JacAttac
2
[Left the league]
1
Matthew J. Hobbs
1
Mooly
1
Heavy Metal Zebra
1
Sjr
1
Duncan Moreland
1
Go Gina
SZA
Ctrl
from Spotify
23
14 voters
11th
EJ Gunter
Yuppppp
JacAttac
3
Mooly
3
HippyHippyShake
3
Terry L.
2
[Left the league]
Bonus point because my name is Gina :)
2
Corgi
2
Tatami
1
[Left the league]
1
Duncan Moreland
1
Matthew J. Hobbs
1
rena :)
1
JustRimmey
This might convert me to a SZA fan!
1
[Left the league]
1
ThenerB
1
Johnny
CARR
Johnny
from Spotify
21
12 voters
12th
Marina
N2N0
3
[Left the league]
3
HippyHippyShake
2
Sjr
2
[Left the league]
2
JustRimmey
New to me artist, I loved it, and am digging in for more!
2
Corgi
2
Tatami
1
Duncan Moreland
1
Dina B
1
ThenerB
1
Terry L.
1
Laura
Scissor Sisters
Scissor Sisters
from Spotify
21
10 voters
13th
Mooly
[Left the league]
5
HippyHippyShake
4
ThenerB
3
Sjr
2
JustRimmey
Oh man, it's been a HOOOOOOOOOT minute since I've listened to the Scissor sisters! This is a bop!
2
Heavy Metal Zebra
1
[Left the league]
1
Duncan Moreland
1
Dina B
1
Matthew J. Hobbs
1
Valerie
The Zutons
Tired Of Hanging Around
from Spotify
21
10 voters
14th
Matthew J. Hobbs
ThenerB
Love this version
5
[Left the league]
4
Sjr
2
N2N0
2
Duncan Moreland
2
JacAttac
2
Heavy Metal Zebra
1
Tatami
1
Dina B
1
JustRimmey
This was a good cover, it's hard for me to love other people doing it.  We'll see if I still have a vote sticking around at the end for it.
1
Intergalactic Janet
Ley Soul
Intergalactic Janet
from Spotify
21
8 voters
15th
Duncan Moreland
Corgi
8
Tatami
Never heard this before, but it's right up my alley.
3
Terry L.
3
ThenerB
2
Marina
2
[Left the league]
1
[Left the league]
1
Matthew J. Hobbs
1
Angus Mcfife
Gloryhammer
Tales from the Kingdom of Fife
from Spotify
20
8 voters
16th
Heavy Metal Zebra
JustRimmey
I'm glad to see there's more than 1 person who recommends Gloryhammer on here! Hoots!!!!!!!
5
Corgi
4
Matthew J. Hobbs
4
Sjr
2
ThenerB
2
N2N0
1
Duncan Moreland
1
Marina
1
Bella
AIDAN
Bella
from Spotify
13
9 voters
17th
Corgi
HippyHippyShake
3
Marina
3
JJdaPanda
1
Heavy Metal Zebra
1
Sjr
1
N2N0
1
Duncan Moreland
Funny looking dude 
1
JustRimmey
I loved the epic build throughout!
1
Matthew J. Hobbs
1
Justin's Headed Out
mercury
Justin's Headed Out
from Spotify
13
7 voters
18th
[Left the league]
Duncan Moreland
3
Terry L.
3
Marina
3
[Left the league]
1
JustRimmey
I enjoyed this one quite a bit.
1
Corgi
1
Matthew J. Hobbs
1
Evangeline
Stephen Sanchez
Evangeline
from Spotify
13
6 voters
19th
N2N0
[Left the league]
4
Terry L.
3
Dina B
2
Mooly
2
JJdaPanda
1
Matthew J. Hobbs
1
Velvet Elvis
Kacey Musgraves
Golden Hour
from Spotify
11
9 voters
20th
HippyHippyShake
JacAttac
2
Terry L.
2
Sjr
1
[Left the league]
1
N2N0
1
Dina B
1
rena :)
1
Matthew J. Hobbs
1
Marina
1
Bobby James
N.E.R.D
In Search Of...
from Spotify
10
10 voters
21st
[Left the league]
Tatami
1
Sjr
1
[Left the league]
1
N2N0
1
Duncan Moreland
1
Dina B
1
ThenerB
1
JustRimmey
I want a new NERD album!
1
Matthew J. Hobbs
1
[Left the league]
1"
"
"
"
"
=
=
=
=
=
=
=
=
=
=
=
=
=
=
=
=
=
=
=
=
=
=
=
=
=
=
"
"
"
"
